City_ID,City,Lat,Lng,Max Temp,Humidity,Cloudiness,Wind Speed,Country,Date
0,Hermanus,-34.42,19.23,45.0,98,13,1.99,ZA,2020-06-23 03:12:42
1,Polovinnoye,54.79,65.99,54.41,69,53,9.17,RU,2020-06-23 03:12:42
2,Marsa Matruh,31.35,27.25,64.4,82,0,3.8,EG,2020-06-23 03:12:43
3,Albany,42.6,-73.97,82.0,86,7,3.06,US,2020-06-23 03:12:43
4,Haines Junction,60.75,-137.51,55.29,40,57,8.77,CA,2020-06-23 03:12:43
5,Jamestown,42.1,-79.24,68.0,93,90,4.7,US,2020-06-23 03:12:43
6,Jiguani,20.37,-76.43,82.4,83,75,12.75,CU,2020-06-23 03:12:43
7,Saint-Joseph,-21.37,55.62,64.4,82,30,4.7,RE,2020-06-23 03:12:43
8,Port Macquarie,-31.43,152.92,63.0,48,0,5.99,AU,2020-06-23 03:12:43
9,Muroto,33.28,134.15,80.6,65,20,8.05,JP,2020-06-23 03:12:43
10,Durban,-29.86,31.03,59.0,93,0,4.94,ZA,2020-06-23 03:08:29
11,Hobart,-42.88,147.33,55.0,93,75,19.46,AU,2020-06-23 03:12:44
12,Saint-Philippe,-21.36,55.77,64.4,82,48,4.7,RE,2020-06-23 03:12:44
13,Busselton,-33.65,115.33,61.0,82,27,5.01,AU,2020-06-23 03:09:13
14,Santa Isabel Do Rio Negro,-0.41,-65.02,72.72,98,47,2.01,BR,2020-06-23 03:12:44
15,Bethel,41.37,-73.41,73.4,73,1,4.7,US,2020-06-23 03:12:44
16,Santa Cruz,-17.8,-63.17,71.6,94,40,11.41,BO,2020-06-23 03:12:45
17,Ulyanovka,59.64,30.76,57.2,67,0,1.3,RU,2020-06-23 03:12:45
18,Letlhakane,-21.42,25.58,45.77,62,0,8.37,BW,2020-06-23 03:12:45
19,Rikitea,-23.12,-134.97,70.25,56,34,15.39,PF,2020-06-23 03:12:45
20,Agadez,19.75,10.25,79.56,15,0,4.54,NE,2020-06-23 03:12:45
21,Fort Nelson,58.81,-122.7,73.4,25,40,9.17,CA,2020-06-23 03:12:46
22,Itamaraca,-7.75,-34.83,80.6,65,20,11.41,BR,2020-06-23 03:12:46
23,Lata,40.16,-8.33,64.0,95,0,1.23,PT,2020-06-23 03:12:46
24,Cidreira,-30.18,-50.21,64.26,92,7,16.44,BR,2020-06-23 03:12:46
25,Novoaltaysk,53.39,83.94,64.4,55,5,8.95,RU,2020-06-23 03:12:46
26,Punta Arenas,-53.15,-70.92,41.0,86,100,16.11,CL,2020-06-23 03:11:28
27,Xalpatlahuac,17.47,-98.62,63.95,90,92,4.34,MX,2020-06-23 03:12:47
28,Troitsko-Pechorsk,62.71,56.2,50.41,91,93,2.86,RU,2020-06-23 03:12:47
29,Port Alfred,-33.59,26.89,57.99,64,0,8.16,ZA,2020-06-23 03:12:47
30,Cape Town,-33.93,18.42,53.01,100,0,6.93,ZA,2020-06-23 03:08:28
31,Beira,-19.84,34.84,60.8,93,2,6.93,MZ,2020-06-23 03:12:47
32,Bredasdorp,-34.53,20.04,41.0,93,10,3.58,ZA,2020-06-23 03:12:47
33,Esperance,-33.87,121.9,62.6,63,5,20.8,AU,2020-06-23 03:12:47
34,Ribeira Grande,38.52,-28.7,66.85,94,48,11.7,PT,2020-06-23 03:12:47
35,Puerto Ayora,-0.74,-90.35,69.01,91,24,7.49,EC,2020-06-23 03:12:48
36,Alofi,-19.06,-169.92,82.4,74,75,4.7,NU,2020-06-23 03:12:48
37,Luderitz,-26.65,15.16,51.8,71,0,10.63,NA,2020-06-23 03:12:48
38,Ushuaia,-54.8,-68.3,33.8,86,40,4.7,AR,2020-06-23 03:08:28
39,Fairbanks,64.84,-147.72,52.0,93,90,10.29,US,2020-06-23 03:12:48
40,Arauco,-37.25,-73.32,46.4,100,0,4.7,CL,2020-06-23 03:12:48
41,Khatanga,71.97,102.5,82.69,29,96,11.88,RU,2020-06-23 03:12:48
42,Alta Floresta,-9.88,-56.09,69.49,63,38,4.34,BR,2020-06-23 03:12:48
43,Lichtenburg,-26.15,26.16,43.92,57,0,3.38,ZA,2020-06-23 03:12:48
44,Yellowknife,62.46,-114.35,68.0,39,75,12.75,CA,2020-06-23 03:12:48
45,Celestun,20.87,-90.4,84.38,74,99,11.95,MX,2020-06-23 03:12:49
46,Tuktoyaktuk,69.45,-133.04,60.8,55,75,11.41,CA,2020-06-23 03:12:49
47,Constitucion,-35.33,-72.42,51.55,86,73,7.23,CL,2020-06-23 03:12:49
48,Tebingtinggi,3.33,99.16,80.6,83,40,6.93,ID,2020-06-23 03:12:49
49,Yulara,-25.24,130.99,60.8,38,0,8.05,AU,2020-06-23 03:12:49
50,Hilo,19.73,-155.09,84.2,48,20,11.41,US,2020-06-23 03:12:06
51,Saskylakh,71.92,114.08,86.38,24,7,8.03,RU,2020-06-23 03:12:49
52,Taicheng,38.73,113.23,78.94,43,98,3.2,CN,2020-06-23 03:12:50
53,Thompson,55.74,-97.86,64.4,72,20,4.7,CA,2020-06-23 03:12:50
54,Mataura,-46.19,168.86,49.93,72,76,1.16,NZ,2020-06-23 03:12:50
55,Bengkulu,-3.8,102.27,79.59,84,92,9.35,ID,2020-06-23 03:11:35
56,Geraldton,-28.77,114.6,66.2,63,90,17.22,AU,2020-06-23 03:12:50
57,Nivala,63.92,24.97,60.01,72,3,5.01,FI,2020-06-23 03:12:50
58,Hobyo,5.35,48.53,78.17,76,60,20.07,SO,2020-06-23 03:12:50
59,Maraba,-5.37,-49.12,73.4,94,44,1.32,BR,2020-06-23 03:12:50
60,Kieta,-6.22,155.63,86.05,65,28,3.96,PG,2020-06-23 03:12:50
61,Tiksi,71.69,128.87,52.93,59,0,4.83,RU,2020-06-23 03:12:50
62,Iqaluit,63.75,-68.51,46.4,65,20,8.05,CA,2020-06-23 03:12:51
63,Lubango,-14.92,13.49,49.98,47,0,3.36,AO,2020-06-23 03:12:51
64,Tazovskiy,67.47,78.7,47.88,77,99,10.49,RU,2020-06-23 03:12:51
65,Novocheremshansk,54.36,50.17,52.9,73,0,1.43,RU,2020-06-23 03:12:51
66,Vaini,-21.2,-175.2,78.8,78,40,10.29,TO,2020-06-23 03:12:51
67,Seydi,39.48,62.91,88.7,24,0,12.3,TM,2020-06-23 03:09:04
68,Kapaa,22.08,-159.32,80.6,69,1,10.29,US,2020-06-23 03:12:51
69,Mitsamiouli,-11.38,43.28,79.05,73,0,9.86,KM,2020-06-23 03:12:51
70,Atuona,-9.8,-139.03,79.84,76,20,13.96,PF,2020-06-23 03:12:52
71,Tasiilaq,65.61,-37.64,48.2,84,0,14.99,GL,2020-06-23 03:12:52
72,Clyde River,70.47,-68.59,39.2,93,90,6.93,CA,2020-06-23 03:12:52
73,Saint George,37.1,-113.58,99.0,10,1,6.93,US,2020-06-23 03:12:52
74,Mahebourg,-20.41,57.7,71.6,83,40,8.05,MU,2020-06-23 03:12:52
75,Innisfail,-17.53,146.03,73.94,66,0,9.31,AU,2020-06-23 03:12:52
76,Klaksvik,62.23,-6.59,46.4,93,91,11.41,FO,2020-06-23 03:12:52
77,Castro,-24.79,-50.01,56.84,83,0,3.49,BR,2020-06-23 03:12:52
78,Rae Bareli,26.22,81.23,84.2,83,90,8.05,IN,2020-06-23 03:12:53
79,Qaanaaq,77.48,-69.36,37.62,88,100,1.97,GL,2020-06-23 03:12:53
80,New Norfolk,-42.78,147.06,55.0,91,100,3.0,AU,2020-06-23 03:12:53
81,Teknaf,20.86,92.31,85.03,80,88,10.27,BD,2020-06-23 03:12:53
82,Egvekinot,66.32,-179.17,49.05,49,33,5.19,RU,2020-06-23 03:12:53
83,Porto Nacional,-10.71,-48.42,71.6,78,6,3.36,BR,2020-06-23 03:12:53
84,Sao Filipe,14.9,-24.5,76.59,76,0,7.58,CV,2020-06-23 03:12:53
85,Nikolayevsk-Na-Amure,53.14,140.73,59.18,58,97,4.65,RU,2020-06-23 03:12:53
86,Catuday,16.29,119.81,84.74,73,98,3.44,PH,2020-06-23 03:12:54
87,Lebu,-37.62,-73.65,47.93,80,25,7.74,CL,2020-06-23 03:12:54
88,Aljezur,37.32,-8.8,73.99,64,0,7.05,PT,2020-06-23 03:12:54
89,Lakatoro,-16.1,167.42,79.12,85,92,17.87,VU,2020-06-23 03:12:54
90,Te Anau,-45.42,167.72,50.67,76,62,1.23,NZ,2020-06-23 03:12:55
91,Ekhabi,53.51,142.97,45.37,83,100,8.72,RU,2020-06-23 03:12:55
92,Yenagoa,4.92,6.26,74.21,95,100,3.38,NG,2020-06-23 03:12:55
93,Port Augusta,-32.5,137.77,57.2,62,41,5.82,AU,2020-06-23 03:12:55
94,Post Falls,47.72,-116.95,77.0,47,1,3.11,US,2020-06-23 03:12:55
95,Mayskiy,47.69,40.1,64.4,88,68,2.24,RU,2020-06-23 03:12:55
96,Kenora,49.82,-94.43,62.6,67,40,2.24,CA,2020-06-23 03:11:17
97,Crabtree,45.97,-73.47,80.01,71,100,3.15,CA,2020-06-23 03:12:55
98,Hithadhoo,-0.6,73.08,84.47,72,13,9.78,MV,2020-06-23 03:12:56
99,Butaritari,3.07,172.79,82.9,74,46,15.19,KI,2020-06-23 03:12:56
100,Ca Mau,9.18,105.15,89.96,61,76,2.98,VN,2020-06-23 03:12:56
101,Yamada,39.47,141.95,63.95,90,99,13.42,JP,2020-06-23 03:12:56
102,Tumarbong,10.38,119.46,88.61,59,68,6.44,PH,2020-06-23 03:12:56
103,Bluff,-46.6,168.33,48.11,79,100,4.72,NZ,2020-06-23 03:12:56
104,Pevek,69.7,170.31,32.02,97,7,16.53,RU,2020-06-23 03:12:56
105,Bathsheba,13.22,-59.52,82.4,78,40,19.46,BB,2020-06-23 03:12:56
106,Chokurdakh,70.63,147.92,67.51,31,79,8.37,RU,2020-06-23 03:12:57
107,Padang,-0.95,100.35,76.17,84,100,5.88,ID,2020-06-23 03:12:57
108,Marawi,8.0,124.29,84.99,75,43,5.01,PH,2020-06-23 03:12:57
109,Villazon,-22.09,-65.59,41.95,45,0,8.84,BO,2020-06-23 03:12:57
110,Baruun-Urt,46.68,113.28,68.99,62,44,5.06,MN,2020-06-23 03:12:57
111,Mahanoro,-19.9,48.8,68.04,91,1,3.53,MG,2020-06-23 03:12:57
112,Saint-Pierre,-21.34,55.48,64.4,82,18,4.7,RE,2020-06-23 03:12:57
113,Upernavik,72.79,-56.15,38.66,75,74,10.18,GL,2020-06-23 03:12:58
114,San Quintin,30.48,-115.95,64.94,84,4,13.76,MX,2020-06-23 03:12:58
115,Lorengau,-2.02,147.27,84.78,73,100,6.73,PG,2020-06-23 03:12:58
116,Port Elizabeth,-33.92,25.57,46.4,87,0,2.24,ZA,2020-06-23 03:12:58
117,Provideniya,64.38,-173.3,44.6,81,90,15.66,RU,2020-06-23 03:12:58
118,Avarua,-21.21,-159.78,75.2,73,26,14.99,CK,2020-06-23 03:12:58
119,Upata,8.01,-62.4,77.0,95,10,4.0,VE,2020-06-23 03:12:59
120,Cayenne,4.93,-52.33,75.2,100,100,2.24,GF,2020-06-23 03:12:59
121,Barrow,71.29,-156.79,35.6,80,75,13.87,US,2020-06-23 03:12:59
122,Dikson,73.51,80.55,46.85,79,55,12.41,RU,2020-06-23 03:12:59
123,Jalu,29.03,21.55,65.79,81,0,7.45,LY,2020-06-23 03:12:59
124,Baracoa,20.35,-74.5,81.36,82,85,6.58,CU,2020-06-23 03:12:59
125,Lavrentiya,65.58,-171.0,45.7,57,91,13.29,RU,2020-06-23 03:12:59
126,Maniwaki,46.38,-75.97,65.32,91,81,2.1,CA,2020-06-23 03:12:59
127,Nikolskoye,59.7,30.79,57.2,67,0,1.43,RU,2020-06-23 03:12:59
128,Souillac,-20.52,57.52,71.6,73,40,6.93,MU,2020-06-23 03:13:00
129,Olafsvik,64.89,-23.71,48.36,84,100,11.1,IS,2020-06-23 03:13:00
130,Qeshm,26.96,56.27,87.8,74,20,4.7,IR,2020-06-23 03:13:00
131,Zhaodong,46.08,125.98,69.01,94,90,6.71,CN,2020-06-23 03:13:00
132,Saint-Francois,46.42,3.91,51.8,81,0,1.52,FR,2020-06-23 03:13:00
133,Ranong,9.97,98.63,84.2,79,40,9.17,TH,2020-06-23 03:13:00
134,Port-Gentil,-0.72,8.78,74.3,79,70,9.15,GA,2020-06-23 03:13:00
135,Siloam Springs,36.19,-94.54,80.6,65,1,5.82,US,2020-06-23 03:13:00
136,Tahlequah,35.92,-94.97,78.01,73,1,2.13,US,2020-06-23 03:11:38
137,Ambunti,-4.24,142.84,87.91,68,27,3.02,PG,2020-06-23 03:13:00
138,Taltal,-25.4,-70.48,56.44,79,4,0.81,CL,2020-06-23 03:13:00
139,Batagay,67.63,134.63,89.83,24,0,4.94,RU,2020-06-23 03:13:01
140,Kodinsk,58.69,99.18,83.77,38,0,3.36,RU,2020-06-23 03:13:01
141,Fredericksburg,38.3,-77.46,69.8,100,40,3.98,US,2020-06-23 03:13:01
142,Coihaique,-45.58,-72.07,35.6,95,46,6.93,CL,2020-06-23 03:13:01
143,Grand Gaube,-20.01,57.66,68.0,83,1,5.01,MU,2020-06-23 03:13:01
144,Daru,-9.08,143.21,80.31,82,12,14.83,PG,2020-06-23 03:13:01
145,Kahului,20.89,-156.47,84.2,48,40,21.92,US,2020-06-23 03:13:01
146,Illapel,-31.63,-71.17,55.81,63,98,0.18,CL,2020-06-23 03:13:02
147,Namikupa,-10.83,39.6,67.98,88,91,6.85,TZ,2020-06-23 03:13:02
148,Georgetown,5.41,100.34,82.4,83,20,5.82,MY,2020-06-23 03:13:02
149,Arlit,18.74,7.39,90.05,11,0,7.72,NE,2020-06-23 03:13:02
150,Key West,24.56,-81.78,87.8,79,1,5.82,US,2020-06-23 03:13:02
151,Birao,10.28,22.79,75.83,74,62,3.62,CF,2020-06-23 03:13:02
152,Okitipupa,6.5,4.78,72.95,96,95,0.98,NG,2020-06-23 03:13:03
153,Orange Cove,36.62,-119.31,89.01,45,1,3.74,US,2020-06-23 03:13:03
154,Cootamundra,-34.65,148.03,48.0,93,88,1.01,AU,2020-06-23 03:13:03
155,Mingoyo,-10.1,39.63,74.1,72,95,6.62,TZ,2020-06-23 03:13:03
156,Panshi,42.94,126.06,81.37,44,100,14.47,CN,2020-06-23 03:13:03
157,Nanortalik,60.14,-45.24,41.52,81,0,8.9,GL,2020-06-23 03:13:03
158,Ucluelet,48.93,-125.55,62.01,71,93,2.15,CA,2020-06-23 03:09:09
159,Itoman,26.12,127.67,86.0,94,75,5.82,JP,2020-06-23 03:13:03
160,San Patricio,19.22,-104.7,81.97,74,62,2.48,MX,2020-06-23 03:13:04
161,Ostrovnoy,68.05,39.51,39.22,76,100,19.42,RU,2020-06-23 03:13:04
162,Faanui,-16.48,-151.75,77.67,74,4,18.68,PF,2020-06-23 03:13:04
163,Strezhevoy,60.73,77.59,57.2,71,0,6.71,RU,2020-06-23 03:13:04
164,Huarmey,-10.07,-78.15,61.72,86,61,8.55,PE,2020-06-23 03:13:04
165,Bahia Blanca,-38.72,-62.27,51.58,61,100,9.06,AR,2020-06-23 03:13:04
166,Waycross,31.21,-82.35,77.0,65,40,9.17,US,2020-06-23 03:13:04
167,Novikovo,51.15,37.89,61.02,90,79,10.33,RU,2020-06-23 03:13:05
168,Qandala,11.47,49.87,89.62,55,92,1.05,SO,2020-06-23 03:13:05
169,Makakilo City,21.35,-158.09,84.2,54,90,13.87,US,2020-06-23 03:13:05
170,Nemuro,43.32,145.57,64.4,72,75,6.93,JP,2020-06-23 03:13:05
171,Saldanha,-33.01,17.94,44.6,93,0,1.12,ZA,2020-06-23 03:13:05
172,Maku,39.29,44.45,66.69,55,0,1.39,IR,2020-06-23 03:13:05
173,Vila Velha,-20.33,-40.29,64.99,93,20,2.24,BR,2020-06-23 03:08:29
174,Sioux Lookout,50.1,-91.92,62.6,67,75,2.24,CA,2020-06-23 03:13:05
175,Tofield,53.37,-112.67,75.99,50,94,1.01,CA,2020-06-23 03:13:05
176,Sola,-13.88,167.55,86.0,84,40,5.82,VU,2020-06-23 03:13:06
177,Ahipara,-35.17,173.17,61.84,78,59,14.27,NZ,2020-06-23 03:13:06
178,Oriximina,-1.77,-55.87,74.61,93,85,4.59,BR,2020-06-23 03:13:06
179,Saint Anthony,45.02,-93.22,71.6,49,1,5.82,US,2020-06-23 03:13:06
180,Lappeenranta,61.06,28.19,57.2,71,1,1.12,FI,2020-06-23 03:13:06
181,San Ignacio,17.16,-89.07,79.0,91,64,4.65,BZ,2020-06-23 03:12:16
182,Torbay,47.67,-52.73,60.01,93,90,21.92,CA,2020-06-23 03:13:06
183,Kamenka,51.32,42.77,61.0,66,94,3.0,RU,2020-06-23 03:13:06
184,Marzuq,14.4,46.47,80.94,21,82,1.83,YE,2020-06-23 03:13:06
185,Anadyr,64.75,177.48,48.2,87,75,8.95,RU,2020-06-23 03:13:06
186,Severo-Kurilsk,50.68,156.12,50.61,78,100,11.21,RU,2020-06-23 03:13:07
187,Bichena,10.45,38.2,55.51,80,79,2.84,ET,2020-06-23 03:13:07
188,Salalah,17.02,54.09,82.4,88,78,4.7,OM,2020-06-23 03:13:07
189,Beberibe,-4.18,-38.13,80.6,78,75,4.7,BR,2020-06-23 03:13:07
190,Vila Franca Do Campo,37.72,-25.43,66.2,93,40,11.41,PT,2020-06-23 03:13:07
191,Gamba,-2.65,10.0,69.46,92,81,2.8,GA,2020-06-23 03:13:07
192,Tilichiki,60.47,166.1,71.04,50,8,6.15,RU,2020-06-23 03:13:07
193,Carnarvon,-24.87,113.63,71.6,60,90,10.29,AU,2020-06-23 03:11:04
194,Bonavista,48.65,-53.11,54.03,93,22,18.14,CA,2020-06-23 03:13:08
195,Skjervoy,70.03,20.97,48.72,77,22,3.65,NO,2020-06-23 03:13:08
196,San Cristobal,7.77,-72.22,66.65,84,100,4.45,VE,2020-06-23 03:13:08
197,Mar Del Plata,-38.0,-57.56,52.0,93,100,6.93,AR,2020-06-23 03:13:08
198,Qostanay,53.17,63.58,53.6,71,93,11.18,KZ,2020-06-23 03:13:08
199,Riachao Das Neves,-11.75,-44.91,69.08,68,56,2.68,BR,2020-06-23 03:13:08
200,Hasaki,35.73,140.83,75.99,78,75,5.82,JP,2020-06-23 03:13:08
201,Berbera,10.44,45.01,91.11,43,67,18.75,SO,2020-06-23 03:13:08
202,Weligama,5.97,80.42,82.96,78,64,12.62,LK,2020-06-23 03:13:09
203,Hamilton,39.18,-84.53,79.0,78,20,3.36,US,2020-06-23 03:08:44
204,Paamiut,61.99,-49.67,39.47,87,0,14.99,GL,2020-06-23 03:13:09
205,Inhambane,-23.86,35.38,66.7,84,62,8.21,MZ,2020-06-23 03:13:09
206,Dwarka,22.24,68.97,85.69,79,99,9.6,IN,2020-06-23 03:13:09
207,Milas,37.32,27.78,66.2,88,40,2.24,TR,2020-06-23 03:13:09
208,Brae,60.4,-1.35,55.4,93,100,26.4,GB,2020-06-23 03:13:09
209,Longyearbyen,78.22,15.64,42.8,75,20,2.24,SJ,2020-06-23 03:13:09
210,Hervey Bay,-25.3,152.85,69.01,43,0,8.99,AU,2020-06-23 03:13:10
211,Qasigiannguit,68.82,-51.19,42.8,81,58,4.7,GL,2020-06-23 03:13:10
212,Port Moresby,-9.44,147.18,86.0,74,40,12.75,PG,2020-06-23 03:13:10
213,Pacific Grove,36.62,-121.92,61.0,82,90,6.93,US,2020-06-23 03:12:01
214,Coquimbo,-29.95,-71.34,53.6,93,100,2.24,CL,2020-06-23 03:13:10
215,Ukiah,39.15,-123.21,96.8,18,1,4.7,US,2020-06-23 03:10:32
216,Coolum Beach,-26.53,153.1,66.99,41,0,5.01,AU,2020-06-23 03:13:10
217,Ketchikan,55.34,-131.65,53.6,93,90,12.75,US,2020-06-23 03:13:10
218,Komsomolskiy,40.43,71.72,84.2,26,99,2.24,UZ,2020-06-23 03:13:11
219,Calvinia,-31.47,19.78,49.37,47,30,5.93,ZA,2020-06-23 03:13:11
220,Presidencia Roque Saenz Pena,-26.79,-60.44,70.0,85,76,1.01,AR,2020-06-23 03:13:11
221,Guarapari,-20.67,-40.5,64.99,93,20,2.24,BR,2020-06-23 03:13:11
222,Teya,60.38,92.63,75.79,31,48,4.07,RU,2020-06-23 03:13:12
223,Kalianget,-7.05,113.93,83.25,69,98,11.34,ID,2020-06-23 03:13:13
224,Asau,46.43,26.4,62.01,87,36,3.2,RO,2020-06-23 03:13:13
225,Ankang,32.68,109.02,70.97,79,94,0.56,CN,2020-06-23 03:09:00
226,Lucapa,-8.42,20.74,55.94,39,0,4.05,AO,2020-06-23 03:13:13
227,Avera,33.19,-82.53,77.0,69,40,4.7,US,2020-06-23 03:13:13
228,Luneville,48.6,6.5,53.6,87,0,4.56,FR,2020-06-23 03:13:13
229,Mahajanga,-15.72,46.32,68.0,77,0,4.7,MG,2020-06-23 03:13:13
230,Tura,25.52,90.22,82.99,78,35,6.24,IN,2020-06-23 03:13:14
231,Saint-Ambroise,48.55,-71.33,68.0,94,40,2.24,CA,2020-06-23 03:13:14
232,Verkhnyaya Inta,65.98,60.31,47.3,70,53,7.94,RU,2020-06-23 03:13:14
233,Nicoya,10.15,-85.45,76.44,90,100,3.02,CR,2020-06-23 03:13:14
234,Petropavlovsk-Kamchatskiy,53.05,158.65,78.8,36,40,13.42,RU,2020-06-23 03:13:14
235,Tuatapere,-46.13,167.68,51.26,75,100,1.48,NZ,2020-06-23 03:13:14
236,Guanica,17.97,-66.91,84.99,77,1,8.39,PR,2020-06-23 03:13:15
237,Talnakh,69.49,88.4,60.8,51,82,22.37,RU,2020-06-23 03:13:15
238,Tocopilla,-22.09,-70.2,59.63,72,37,0.43,CL,2020-06-23 03:13:15
239,Bauchi,10.5,10.0,73.6,84,0,3.58,NG,2020-06-23 03:13:15
240,Sitka,57.05,-135.33,51.8,87,90,1.32,US,2020-06-23 03:13:15
241,Acajutla,13.59,-89.83,77.0,89,100,3.65,SV,2020-06-23 03:13:16
242,Lannion,48.75,-3.42,53.6,93,0,4.54,FR,2020-06-23 03:13:16
243,Boende,-0.22,20.87,71.73,87,0,1.12,CD,2020-06-23 03:13:16
244,Mtwara,-10.27,40.18,74.1,77,89,14.07,TZ,2020-06-23 03:13:16
245,Nuuk,64.18,-51.72,35.6,100,71,3.36,GL,2020-06-23 03:13:16
246,Urazovka,55.4,45.62,54.55,84,66,6.98,RU,2020-06-23 03:13:16
247,Carutapera,-1.2,-46.02,74.16,90,90,4.59,BR,2020-06-23 03:13:16
248,Batemans Bay,-35.72,150.18,62.01,46,5,1.99,AU,2020-06-23 03:13:17
249,Kedrovyy,56.17,91.82,69.8,52,0,2.24,RU,2020-06-23 03:13:17
250,Hambantota,6.12,81.12,84.2,79,75,13.87,LK,2020-06-23 03:13:17
251,Xining,36.62,101.77,66.54,42,89,0.45,CN,2020-06-23 03:13:17
252,Pisco,-13.7,-76.22,60.8,87,20,1.12,PE,2020-06-23 03:13:17
253,Kabanjahe,3.1,98.49,80.6,83,40,6.93,ID,2020-06-23 03:11:54
254,Finnsnes,69.23,17.98,57.2,67,48,7.09,NO,2020-06-23 03:13:18
255,Murgab,37.5,61.97,80.6,36,40,9.17,TM,2020-06-23 03:13:18
256,Aksarka,66.56,67.8,48.34,54,51,4.63,RU,2020-06-23 03:13:18
257,Cabo San Lucas,22.89,-109.91,80.01,61,5,10.29,MX,2020-06-23 03:10:53
258,Lompoc,34.64,-120.46,60.8,77,4,11.41,US,2020-06-23 03:13:18
259,Alice Springs,-23.7,133.88,57.2,47,0,6.93,AU,2020-06-23 03:10:15
260,Bambous Virieux,-20.34,57.76,71.6,73,40,6.93,MU,2020-06-23 03:13:18
261,Phek,25.67,94.5,71.56,97,31,1.57,IN,2020-06-23 03:13:18
262,Goderich,43.75,-81.72,70.0,92,93,12.01,CA,2020-06-23 03:13:19
263,Ipaussu,-23.06,-49.63,62.69,75,9,3.71,BR,2020-06-23 03:13:19
264,Kudahuvadhoo,2.67,72.89,83.62,77,100,10.89,MV,2020-06-23 03:13:19
265,Kodiak,57.79,-152.41,53.6,76,90,11.41,US,2020-06-23 03:13:19
266,Urumqi,43.8,87.6,73.4,18,100,2.24,CN,2020-06-23 03:13:19
267,Ambulu,-8.35,113.61,82.04,72,100,4.47,ID,2020-06-23 03:13:19
268,Kaeo,-35.1,173.78,61.0,3,35,11.01,NZ,2020-06-23 03:13:20
269,Beringovskiy,63.05,179.32,40.24,85,100,16.53,RU,2020-06-23 03:13:20
270,Turbat,26.0,63.04,84.25,72,14,1.97,PK,2020-06-23 03:13:20
271,Bikaner,28.02,73.3,95.02,39,0,16.35,IN,2020-06-23 03:13:20
272,Ahmadpur,18.7,76.93,78.03,75,100,10.76,IN,2020-06-23 03:13:20
273,Sciacca,37.51,13.09,64.0,90,0,5.99,IT,2020-06-23 03:13:20
274,Kavieng,-2.57,150.8,85.26,69,3,6.8,PG,2020-06-23 03:13:20
275,Sambava,-14.27,50.17,70.23,81,21,9.86,MG,2020-06-23 03:13:20
276,Kamen-Rybolov,44.75,132.04,66.51,81,100,10.83,RU,2020-06-23 03:13:21
277,Zhicheng,30.3,111.5,80.01,79,100,1.43,CN,2020-06-23 03:13:21
278,Xinqing,48.23,129.5,50.09,94,100,10.76,CN,2020-06-23 03:13:21
279,Yinchuan,38.47,106.27,82.44,25,39,6.04,CN,2020-06-23 03:13:21
280,Berlevag,70.86,29.09,41.0,79,75,3.36,NO,2020-06-23 03:13:21
281,Ulladulla,-35.35,150.47,59.0,44,40,14.99,AU,2020-06-23 03:13:21
282,Bensonville,6.45,-10.61,77.0,94,75,2.04,LR,2020-06-23 03:13:21
283,Safakulevo,54.99,62.54,53.02,68,23,8.41,RU,2020-06-23 03:13:21
284,Boyolangu,-8.12,111.89,81.52,73,58,9.44,ID,2020-06-23 03:13:22
285,Novorudnyy,51.5,58.19,53.6,62,0,2.24,RU,2020-06-23 03:13:22
286,Inuvik,68.35,-133.72,66.2,39,75,11.41,CA,2020-06-23 03:13:22
287,Pokhara,28.23,83.98,76.48,80,90,2.95,NP,2020-06-23 03:09:57
288,Grindavik,63.84,-22.43,44.6,93,40,9.17,IS,2020-06-23 03:13:22
289,Amahai,-3.33,128.92,80.37,84,66,11.43,ID,2020-06-23 03:13:22
290,Kaitangata,-46.28,169.85,46.99,66,14,1.99,NZ,2020-06-23 03:13:23
291,Erzin,36.96,36.2,73.0,89,57,2.75,TR,2020-06-23 03:13:23
292,Ancud,-41.87,-73.82,43.0,100,75,9.17,CL,2020-06-23 03:13:23
293,Freeport,40.66,-73.58,75.99,83,40,9.17,US,2020-06-23 03:12:23
294,Dingle,11.0,122.67,88.65,61,32,5.88,PH,2020-06-23 03:13:23
295,Oranjestad,12.52,-70.03,82.4,88,75,20.8,AW,2020-06-23 03:13:23
296,Nacogdoches,31.6,-94.63,77.0,83,1,5.82,US,2020-06-23 03:13:23
297,Havoysund,71.0,24.66,44.6,81,25,10.29,NO,2020-06-23 03:13:23
298,Dire Dawa,9.59,41.87,71.69,59,46,10.8,ET,2020-06-23 03:13:24
299,Chuy,-33.7,-53.46,60.01,96,100,8.63,UY,2020-06-23 03:13:24
300,Fuerte Olimpo,-21.04,-57.87,73.33,62,40,5.7,PY,2020-06-23 03:13:24
301,Husavik,66.04,-17.34,44.6,93,90,8.05,IS,2020-06-23 03:13:24
302,Manadhoo,5.77,73.38,83.77,78,100,12.55,MV,2020-06-23 03:13:24
303,Waipawa,-41.41,175.52,57.2,71,8,5.82,NZ,2020-06-23 03:13:24
304,Mozarlandia,-14.74,-50.57,67.96,36,21,6.6,BR,2020-06-23 03:13:24
305,Morro Bay,35.37,-120.85,60.01,92,32,4.36,US,2020-06-23 03:13:24
306,Harindanga,22.04,88.32,84.2,94,75,4.7,IN,2020-06-23 03:13:25
307,Erdenet,49.03,104.08,58.26,70,98,13.0,MN,2020-06-23 03:13:25
308,Rudnichnyy,59.62,52.47,50.86,75,100,7.38,RU,2020-06-23 03:13:25
309,Ilulissat,69.22,-51.1,42.8,81,32,4.7,GL,2020-06-23 03:13:25
310,Ponta Do Sol,32.67,-17.1,69.8,64,40,9.17,PT,2020-06-23 03:13:25
311,Pathein,16.78,94.73,88.09,63,24,4.54,MM,2020-06-23 03:13:25
312,Pekan,3.48,103.4,84.2,79,20,3.36,MY,2020-06-23 03:13:26
313,La Ronge,55.1,-105.28,71.6,40,20,3.36,CA,2020-06-23 03:13:26
314,Yeniseysk,58.45,92.17,73.09,44,1,3.02,RU,2020-06-23 03:13:26
315,Halifax,44.65,-63.57,64.99,84,100,3.65,CA,2020-06-23 03:09:46
316,Adrar,20.5,-10.07,96.33,11,70,15.1,MR,2020-06-23 03:13:26
317,Leh,34.17,77.58,59.85,28,0,3.44,IN,2020-06-23 03:13:26
318,Sabzevar,36.21,57.68,77.77,24,0,7.87,IR,2020-06-23 03:13:26
319,Toul,48.67,5.92,53.6,87,0,3.36,FR,2020-06-23 03:13:26
320,Bukoba,-1.33,31.81,64.78,74,44,5.39,TZ,2020-06-23 03:13:26
321,Takanosu,40.22,140.37,77.0,61,20,10.29,JP,2020-06-23 03:13:27
322,Itarema,-2.92,-39.92,78.08,83,78,9.22,BR,2020-06-23 03:13:27
323,Vestmannaeyjar,63.44,-20.27,49.12,78,7,13.87,IS,2020-06-23 03:13:27
324,Rabaul,-4.2,152.17,84.06,72,0,4.27,PG,2020-06-23 03:13:27
325,Rawson,-43.3,-65.1,47.46,54,36,12.8,AR,2020-06-23 03:13:27
326,Caravelas,-17.71,-39.25,68.85,84,0,3.13,BR,2020-06-23 03:13:27
327,Blytheville,35.93,-89.92,75.2,88,1,5.82,US,2020-06-23 03:13:27
328,Isangel,-19.55,169.27,78.8,78,75,5.82,VU,2020-06-23 03:13:27
329,Trinidad,-14.83,-64.9,72.14,92,33,2.48,BO,2020-06-23 03:13:28
330,East London,-33.02,27.91,63.01,32,0,6.67,ZA,2020-06-23 03:08:31
331,Ballina,-28.87,153.57,64.0,45,0,17.22,AU,2020-06-23 03:13:28
332,Port Lincoln,-34.73,135.87,57.63,63,24,5.91,AU,2020-06-23 03:13:28
333,Viransehir,37.24,39.76,73.62,30,0,1.57,TR,2020-06-23 03:13:28
334,Mount Isa,-20.73,139.5,66.2,25,0,9.17,AU,2020-06-23 03:13:28
335,Tigzirt,36.89,4.12,70.83,58,0,7.63,DZ,2020-06-23 03:13:28
336,Kosonsoy,41.26,71.55,84.2,28,20,11.41,UZ,2020-06-23 03:13:28
337,Sao Felix Do Xingu,-6.64,-51.99,69.89,85,5,2.19,BR,2020-06-23 03:13:28
338,Corner Brook,48.97,-57.95,64.4,88,20,5.03,CA,2020-06-23 03:13:29
339,Narsaq,60.92,-46.05,48.2,66,0,5.82,GL,2020-06-23 03:13:29
340,Hualmay,-11.1,-77.61,61.23,86,58,8.93,PE,2020-06-23 03:13:29
341,Campo Maior,-4.83,-42.17,72.48,69,9,2.01,BR,2020-06-23 03:13:29
342,Hami,42.8,93.45,79.02,16,0,9.66,CN,2020-06-23 03:13:29
343,Ziarat,30.38,67.73,71.76,30,0,3.71,PK,2020-06-23 03:13:29
344,Half Moon Bay,37.46,-122.43,72.0,60,5,9.17,US,2020-06-23 03:13:29
345,Baraut,29.1,77.27,87.8,84,75,6.93,IN,2020-06-23 03:13:29
346,Muisne,0.6,-80.03,76.08,88,100,9.1,EC,2020-06-23 03:13:30
347,Yumen,40.28,97.2,82.94,14,0,13.15,CN,2020-06-23 03:13:30
348,Sao Jose Da Coroa Grande,-8.9,-35.15,76.3,82,48,10.29,BR,2020-06-23 03:13:30
349,Benghazi,32.12,20.07,71.2,80,17,8.41,LY,2020-06-23 03:13:30
350,Snasa,64.25,12.38,59.07,81,93,1.92,NO,2020-06-23 03:13:30
351,Oranjemund,-28.55,16.43,54.55,85,0,8.63,NA,2020-06-23 03:13:31
352,Yeppoon,-23.13,150.73,73.4,34,0,9.17,AU,2020-06-23 03:13:31
353,Bud,39.45,-86.18,75.0,82,100,10.69,US,2020-06-23 03:13:31
354,Moerai,-22.43,-151.33,71.04,64,71,16.73,PF,2020-06-23 03:13:31
355,Yaan,7.38,8.57,71.42,97,100,3.96,NG,2020-06-23 03:13:31
356,Labuhan,-6.88,112.21,83.1,69,68,4.61,ID,2020-06-23 03:13:31
357,Port Blair,11.67,92.75,84.52,74,77,7.52,IN,2020-06-23 03:13:31
358,Kruisfontein,-34.0,24.73,51.91,45,0,6.26,ZA,2020-06-23 03:13:32
359,Voghera,44.99,9.01,69.01,72,0,1.59,IT,2020-06-23 03:13:32
360,Monrovia,6.3,-10.8,77.0,94,75,5.77,LR,2020-06-23 03:13:32
361,Cadiz,36.5,-5.75,77.0,38,0,8.05,ES,2020-06-23 03:13:32
362,Praia Da Vitoria,38.73,-27.07,66.2,93,75,12.3,PT,2020-06-23 03:13:32
363,Magnor,59.95,12.2,53.01,100,78,3.27,SE,2020-06-23 03:13:32
364,Bay Roberts,47.6,-53.26,55.99,1,100,12.5,CA,2020-06-23 03:13:32
365,Riyadh,24.69,46.72,78.8,22,65,8.05,SA,2020-06-23 03:12:23
366,Abu Samrah,35.3,37.18,64.49,81,0,10.4,SY,2020-06-23 03:13:32
367,Victoria,22.29,114.16,91.0,69,90,11.01,HK,2020-06-23 03:13:33
368,Kanniyakumari,8.08,77.57,83.01,65,100,16.91,IN,2020-06-23 03:13:33
369,Leningradskiy,69.38,178.42,35.78,82,93,16.96,RU,2020-06-23 03:13:33
370,Champerico,14.3,-91.92,82.63,76,100,5.73,GT,2020-06-23 03:13:33
371,Vitry-Le-Francois,48.73,4.58,53.6,93,0,2.24,FR,2020-06-23 03:13:33
372,Kavaratti,10.57,72.64,84.31,75,100,15.3,IN,2020-06-23 03:13:33
373,Sao Joao Da Barra,-21.64,-41.05,69.46,83,0,8.25,BR,2020-06-23 03:13:33
374,Port Hawkesbury,45.62,-61.35,61.0,100,90,3.36,CA,2020-06-23 03:13:33
375,High Level,58.52,-117.14,71.6,33,20,8.05,CA,2020-06-23 03:13:33
376,Bubaque,11.28,-15.83,81.61,83,29,11.56,GW,2020-06-23 03:13:34
377,Annau,37.89,58.52,84.2,25,0,9.17,TM,2020-06-23 03:13:34
378,Ivanava,52.15,25.54,62.47,98,100,7.87,BY,2020-06-23 03:13:34
379,Oktyabrskiy,54.48,53.47,52.02,76,6,2.3,RU,2020-06-23 03:13:34
380,Povenets,62.85,34.83,56.89,76,72,6.76,RU,2020-06-23 03:13:34
381,Touros,-5.2,-35.46,71.6,94,17,4.7,BR,2020-06-23 03:13:34
382,Sibolga,1.74,98.78,78.93,77,100,1.39,ID,2020-06-23 03:09:41
383,Tessalit,20.2,1.01,89.15,10,0,11.52,ML,2020-06-23 03:13:34
384,Lagoa,39.05,-27.98,65.95,94,57,10.25,PT,2020-06-23 03:13:35
385,Kozyatyn,49.71,28.83,61.52,96,0,3.76,UA,2020-06-23 03:13:35
386,Deputatskiy,69.3,139.9,75.49,43,0,4.63,RU,2020-06-23 03:13:35
387,Bulgan,48.81,103.53,59.16,73,97,11.03,MN,2020-06-23 03:13:35
388,Mayo,38.89,-76.51,72.0,88,1,4.7,US,2020-06-23 03:13:35
389,Merauke,-8.47,140.33,82.6,73,1,14.83,ID,2020-06-23 03:13:35
390,Buala,-8.14,159.59,85.96,66,78,4.14,SB,2020-06-23 03:13:35
391,Formosa,-26.18,-58.18,80.6,61,37,9.17,AR,2020-06-23 03:13:36
392,Fortuna,40.6,-124.16,64.99,87,1,9.17,US,2020-06-23 03:13:36
393,Astoria,46.19,-123.83,72.0,60,1,16.11,US,2020-06-23 03:13:36
394,Richards Bay,-28.78,32.04,59.59,87,0,7.54,ZA,2020-06-23 03:13:37
395,Zaraysk,54.77,38.88,57.99,67,100,1.99,RU,2020-06-23 03:13:37
396,Senneterre,48.38,-77.23,71.6,73,20,4.7,CA,2020-06-23 03:13:37
397,Vrangel,42.73,133.08,61.86,79,76,14.05,RU,2020-06-23 03:13:37
398,Peniche,39.36,-9.38,64.99,90,0,7.0,PT,2020-06-23 03:13:37
399,Rabo De Peixe,37.8,-25.58,66.2,93,40,11.41,PT,2020-06-23 03:13:37
400,Kuantan,3.81,103.33,84.2,79,20,3.36,MY,2020-06-23 03:12:35
401,Jarwal,27.17,81.55,88.83,62,0,13.6,IN,2020-06-23 03:13:38
402,Santo Antonio Do Ica,-3.1,-67.94,73.08,96,94,1.23,BR,2020-06-23 03:13:38
403,Male,4.17,73.51,86.0,79,75,9.17,MV,2020-06-23 03:12:39
404,Arcachon,44.59,-1.05,61.0,100,63,3.36,FR,2020-06-23 03:13:38
405,Nouakchott,18.09,-15.98,96.8,13,0,18.34,MR,2020-06-23 03:13:38
406,Portales,34.19,-103.33,75.99,50,90,13.87,US,2020-06-23 03:08:48
407,Calatayud,41.35,-1.64,64.4,88,0,4.7,ES,2020-06-23 03:13:38
408,Simao,22.79,100.97,79.32,62,70,3.85,CN,2020-06-23 03:13:39
409,Luanda,-8.84,13.23,73.4,83,75,3.36,AO,2020-06-23 03:13:39
410,Lobatse,-25.22,25.67,35.6,59,0,2.24,BW,2020-06-23 03:13:39
411,Vao,-22.67,167.48,71.96,73,20,9.69,NC,2020-06-23 03:13:39
412,Kirakira,-10.45,161.92,84.9,71,13,5.55,SB,2020-06-23 03:13:39
413,Ipixuna,-1.76,-48.8,80.6,83,75,6.93,BR,2020-06-23 03:13:39
414,Harper,4.38,-7.72,76.71,84,99,9.13,LR,2020-06-23 03:13:39
415,Shelburne,44.08,-80.2,73.4,78,90,3.36,CA,2020-06-23 03:13:40
416,Dahod,22.83,74.27,82.47,73,91,11.45,IN,2020-06-23 03:13:40
417,Cabedelo,-6.98,-34.83,77.05,74,91,15.21,BR,2020-06-23 03:13:40
418,Ngunguru,-35.62,174.5,61.0,87,45,8.01,NZ,2020-06-23 03:13:40
419,Bronnitsy,55.42,38.27,59.0,82,100,2.24,RU,2020-06-23 03:13:40
420,Auburndale,28.07,-81.79,79.0,88,90,5.82,US,2020-06-23 03:11:09
421,Rantepao,-2.97,119.9,79.92,62,94,4.41,ID,2020-06-23 03:13:40
422,Puerto Colombia,10.99,-74.95,82.4,83,57,5.82,CO,2020-06-23 03:13:40
423,Sannat,36.02,14.24,69.01,94,20,2.24,MT,2020-06-23 03:13:40
424,Airai,-8.93,125.41,69.4,64,1,4.61,TL,2020-06-23 03:13:41
425,Maceio,-9.67,-35.74,73.4,94,40,4.7,BR,2020-06-23 03:13:41
426,Vardo,70.37,31.11,41.0,75,75,9.17,NO,2020-06-23 03:13:41
427,Ulaanbaatar,47.91,106.88,68.0,37,20,4.47,MN,2020-06-23 03:13:41
428,La Orilla,17.98,-102.23,82.31,79,96,3.02,MX,2020-06-23 03:13:41
429,Aklavik,68.22,-135.01,66.2,39,75,11.41,CA,2020-06-23 03:13:41
430,Fort Madison,40.63,-91.32,66.2,100,1,15.1,US,2020-06-23 03:12:46
431,Sokolo,14.73,-6.12,88.97,41,70,20.38,ML,2020-06-23 03:13:42
432,Arraial Do Cabo,-22.97,-42.03,72.81,81,0,9.04,BR,2020-06-23 03:13:42
433,Aksu,41.12,80.26,88.23,12,33,8.05,CN,2020-06-23 03:13:42
434,Sorland,67.67,12.69,53.42,94,89,5.17,NO,2020-06-23 03:13:42
435,Roma,43.21,-75.46,75.99,78,75,3.36,US,2020-06-23 03:13:42
436,Miri,4.41,114.01,84.2,83,75,3.36,MY,2020-06-23 03:13:42
437,Katsuura,35.13,140.3,77.0,83,75,5.82,JP,2020-06-23 03:13:42
438,Koslan,63.46,48.9,48.49,64,15,6.76,RU,2020-06-23 03:13:43
439,Kismayo,-0.36,42.55,78.57,82,91,14.97,SO,2020-06-23 03:13:43
440,Kloulklubed,7.04,134.26,87.8,70,75,9.17,PW,2020-06-23 03:13:43
441,Pak Thong Chai,14.72,102.03,90.0,78,75,3.36,TH,2020-06-23 03:13:43
442,Moose Factory,51.26,-80.61,55.4,93,90,4.7,CA,2020-06-23 03:13:43
443,Polunochnoye,60.87,60.42,46.18,95,99,5.17,RU,2020-06-23 03:13:43
444,Kununurra,-15.77,128.73,77.0,21,0,12.75,AU,2020-06-23 03:13:43
445,Salinopolis,-0.61,-47.36,78.44,84,92,9.66,BR,2020-06-23 03:09:52
446,Namatanai,-3.67,152.43,86.14,65,25,3.76,PG,2020-06-23 03:13:43
447,San Juan,-31.54,-68.54,55.99,39,2,14.45,AR,2020-06-23 03:13:43
448,Sidi Ali,36.1,0.42,75.92,43,0,9.13,DZ,2020-06-23 03:13:43
449,Turukhansk,65.82,87.98,62.92,55,55,7.0,RU,2020-06-23 03:13:44
450,Nachingwea,-10.38,38.77,68.23,77,88,9.95,TZ,2020-06-23 03:13:44
451,Opuwo,-18.06,13.84,49.8,49,0,6.8,NA,2020-06-23 03:13:44
452,Lasa,46.62,10.7,51.8,87,5,8.05,IT,2020-06-23 03:13:44
453,Santiago Del Estero,-27.8,-64.26,62.89,83,0,10.29,AR,2020-06-23 03:13:44
454,Laguna,38.42,-121.42,84.99,42,1,6.93,US,2020-06-23 03:13:44
455,Touba,8.28,-7.68,68.97,97,24,4.14,CI,2020-06-23 03:13:44
456,Maniitsoq,65.42,-52.9,40.86,79,80,13.78,GL,2020-06-23 03:13:44
457,George,-33.96,22.46,51.8,71,0,1.12,ZA,2020-06-23 03:13:44
458,Tak,16.58,98.83,88.0,70,20,2.42,TH,2020-06-23 03:13:44
459,Rio Gallegos,-51.62,-69.22,42.8,93,90,11.41,AR,2020-06-23 03:13:44
460,Bardiyah,31.76,25.09,67.24,82,0,4.07,LY,2020-06-23 03:13:45
461,Flin Flon,54.77,-101.86,63.0,57,1,5.93,CA,2020-06-23 03:13:45
462,Conway,35.09,-92.44,79.0,88,6,5.82,US,2020-06-23 03:09:35
463,Buraydah,26.33,43.98,75.2,41,0,6.93,SA,2020-06-23 03:13:45
464,Umm Lajj,25.02,37.27,89.29,26,0,11.74,SA,2020-06-23 03:13:45
465,Guerrero Negro,27.98,-114.06,64.45,87,100,16.06,MX,2020-06-23 03:13:45
466,Oktyabrskoye,43.06,44.74,60.8,87,0,4.47,RU,2020-06-23 03:13:45
467,Reiskirchen,50.6,8.83,57.0,74,0,3.24,DE,2020-06-23 03:13:45
468,San Miguel,13.48,-88.18,77.36,82,81,1.74,SV,2020-06-23 03:13:45
469,Namtsy,62.72,129.67,75.2,27,2,6.71,RU,2020-06-23 03:13:45
470,Seymchan,62.88,152.43,82.67,32,40,2.64,RU,2020-06-23 03:13:46
471,Natal,-5.79,-35.21,73.4,88,63,6.93,BR,2020-06-23 03:13:46
472,Araouane,18.9,-3.53,91.47,16,0,1.21,ML,2020-06-23 03:13:46
473,Atar,20.52,-13.05,93.78,14,0,12.71,MR,2020-06-23 03:13:46
474,Teluk Nibung,3.0,99.82,77.09,92,100,4.9,ID,2020-06-23 03:13:46
475,Parana,-31.73,-60.52,64.0,96,98,3.0,AR,2020-06-23 03:13:46
476,Kango,0.19,10.1,73.89,87,99,3.29,GA,2020-06-23 03:13:46
477,Xuanzhou,30.95,118.76,76.21,97,100,4.23,CN,2020-06-23 03:13:46
478,Faya,18.39,42.45,69.8,19,41,9.64,SA,2020-06-23 03:13:46
479,Alasehir,38.35,28.52,66.43,73,0,2.71,TR,2020-06-23 03:13:46
480,Jiayuguan,39.82,98.3,81.05,15,0,8.46,CN,2020-06-23 03:13:46
481,Kotlas,61.26,46.66,59.56,61,88,6.93,RU,2020-06-23 03:13:46
482,Mackay,-21.15,149.2,71.6,46,0,14.99,AU,2020-06-23 03:11:46
483,Flinders,-34.58,150.86,62.01,52,3,8.01,AU,2020-06-23 03:13:47
484,Deqing,30.54,119.96,73.99,90,100,3.06,CN,2020-06-23 03:13:47
485,Deshnok,27.8,73.34,93.96,41,0,16.55,IN,2020-06-23 03:13:47
486,Cockburn Town,21.46,-71.14,82.56,83,70,18.68,TC,2020-06-23 03:13:47
487,Voznesenskaya,44.55,41.03,62.89,88,7,6.15,RU,2020-06-23 03:13:47
488,Pimenta Bueno,-11.67,-61.19,71.46,82,0,2.46,BR,2020-06-23 03:13:47
489,Tingo Maria,-9.29,-76.01,68.5,85,68,1.83,PE,2020-06-23 03:13:47
490,Milkovo,54.72,158.62,75.06,44,100,3.24,RU,2020-06-23 03:13:47
491,Tampin,2.47,102.23,82.4,78,20,3.36,MY,2020-06-23 03:13:47
492,Mamallapuram,12.63,80.17,87.8,62,40,8.05,IN,2020-06-23 03:13:48
493,College,64.86,-147.8,52.0,87,90,6.93,US,2020-06-23 03:13:48
494,San Vicente De Canete,-13.08,-76.38,62.74,79,38,0.87,PE,2020-06-23 03:13:48
495,Kapoeta,4.77,33.59,73.54,74,64,2.21,SS,2020-06-23 03:13:48
496,Kashi,39.45,75.98,82.4,13,20,11.18,CN,2020-06-23 03:13:48
497,Zhengjiatun,43.51,123.51,80.46,49,100,16.82,CN,2020-06-23 03:13:48
498,Camacha,33.08,-16.33,69.8,73,75,13.87,PT,2020-06-23 03:13:48
499,Kangaatsiaq,68.31,-53.46,39.96,80,0,6.98,GL,2020-06-23 03:13:48
500,Biak,-0.91,122.88,82.98,69,33,9.37,ID,2020-06-23 03:13:48
501,Tateyama,34.98,139.87,80.01,83,75,6.93,JP,2020-06-23 03:13:48
502,Yacuiba,-22.04,-63.68,62.01,91,4,2.68,BO,2020-06-23 03:13:48
503,Magadan,59.57,150.8,52.99,73,97,6.96,RU,2020-06-23 03:13:49
504,Yar-Sale,66.83,70.83,45.79,68,90,4.25,RU,2020-06-23 03:13:49
505,Samarai,-10.62,150.67,81.01,81,98,11.16,PG,2020-06-23 03:13:49
506,Pandan,14.05,124.17,87.62,67,99,5.68,PH,2020-06-23 03:13:49
507,Iaciara,-14.1,-46.63,65.52,64,12,2.51,BR,2020-06-23 03:11:05
508,Bilibino,68.05,166.44,63.52,28,32,9.6,RU,2020-06-23 03:13:49
509,Nchelenge,-9.35,28.73,60.96,60,65,7.49,ZM,2020-06-23 03:13:49
510,Fenyi,27.81,114.67,87.89,75,98,6.4,CN,2020-06-23 03:13:50
511,Sechura,-5.56,-80.82,66.16,79,0,12.03,PE,2020-06-23 03:13:50
512,Semnan,35.57,53.4,75.22,24,0,6.6,IR,2020-06-23 03:09:41
513,Ewa Beach,21.32,-158.01,84.2,48,40,14.99,US,2020-06-23 03:13:50
514,Krasnyy Yar,46.53,48.35,71.6,28,3,11.18,RU,2020-06-23 03:13:50
515,Ixtapa,20.7,-105.2,86.0,66,75,6.93,MX,2020-06-23 03:13:50
516,Shaoyang,27.23,111.45,75.99,94,100,0.87,CN,2020-06-23 03:13:50
517,Kochubey,44.39,46.58,76.75,55,66,9.51,RU,2020-06-23 03:13:50
518,Barra Do Garcas,-15.89,-52.26,64.47,60,0,1.66,BR,2020-06-23 03:13:50
519,Alexandria,31.22,29.96,66.2,88,0,3.36,EG,2020-06-23 03:13:50
520,Neos Oropos,39.15,20.74,66.2,93,20,3.56,GR,2020-06-23 03:13:51
521,Perigueux,45.18,0.72,63.0,86,28,5.55,FR,2020-06-23 03:13:51
522,Meulaboh,4.14,96.13,74.68,88,100,8.34,ID,2020-06-23 03:13:51
523,Pemangkat,1.17,108.97,82.72,73,68,5.48,ID,2020-06-23 03:13:51
524,Portland,45.52,-122.68,82.99,37,20,9.17,US,2020-06-23 03:09:59
525,Beloha,-25.17,45.05,61.86,97,35,6.62,MG,2020-06-23 03:13:51
526,Buchanan,5.88,-10.05,77.0,94,75,5.17,LR,2020-06-23 03:13:51
527,Fountain,38.68,-104.7,69.01,48,75,5.82,US,2020-06-23 03:13:52
528,Eenhana,-17.47,16.33,53.6,50,0,4.7,NA,2020-06-23 03:13:52
529,Mantua,45.17,10.78,70.0,59,0,1.99,IT,2020-06-23 03:13:52
530,Poya,-21.35,165.15,78.26,59,63,3.65,NC,2020-06-23 03:13:52
531,Lerwick,60.15,-1.15,55.4,93,100,24.16,GB,2020-06-23 03:13:52
532,Sisimiut,66.94,-53.67,41.68,72,0,6.53,GL,2020-06-23 03:13:52
533,Southampton,50.9,-1.4,53.01,78,21,1.01,GB,2020-06-23 03:11:03
534,Norman Wells,65.28,-126.83,55.4,93,90,6.93,CA,2020-06-23 03:13:52
535,Pacifica,37.61,-122.49,64.99,93,90,9.17,US,2020-06-23 03:13:53
536,Pochutla,15.74,-96.47,82.0,79,100,1.01,MX,2020-06-23 03:13:53
537,Hirara,24.8,125.28,87.8,74,75,11.41,JP,2020-06-23 03:13:53
538,Bintulu,3.17,113.03,78.8,94,40,3.36,MY,2020-06-23 03:13:53
539,Dokka,60.84,10.06,48.0,95,85,1.99,NO,2020-06-23 03:13:53
540,Machachi,-0.5,-78.57,55.4,93,20,4.7,EC,2020-06-23 03:13:53
541,Gat,31.61,34.76,70.0,81,0,4.18,IL,2020-06-23 03:13:53
542,Pangnirtung,66.15,-65.71,46.36,67,92,1.1,CA,2020-06-23 03:13:53
543,Juazeiro,-9.41,-40.5,71.74,82,0,16.91,BR,2020-06-23 03:13:54
544,Yauya,-8.98,-77.3,47.61,79,26,3.2,PE,2020-06-23 03:13:54
545,Baiyin,36.56,104.21,66.2,52,97,6.71,CN,2020-06-23 03:13:54
546,Nagapattinam,10.77,79.83,83.03,70,100,5.39,IN,2020-06-23 03:13:54
547,Sacadat,47.03,22.15,64.4,93,100,8.05,RO,2020-06-23 03:13:54
548,Sarlat-La-Caneda,44.89,1.22,53.01,89,29,2.77,FR,2020-06-23 03:13:54
549,Doha,25.29,51.53,91.0,40,0,8.05,QA,2020-06-23 03:09:57
